-- MySQL dump 10.13  Distrib 5.6.17, for Win64 (x86_64)
--
-- Host: localhost    Database: hrm_y16
-- ------------------------------------------------------
-- Server version	5.6.17

/*!40101 SET @OLD_CHARACTER_SET_CLIENT=@@CHARACTER_SET_CLIENT */;
/*!40101 SET @OLD_CHARACTER_SET_RESULTS=@@CHARACTER_SET_RESULTS */;
/*!40101 SET @OLD_COLLATION_CONNECTION=@@COLLATION_CONNECTION */;
/*!40101 SET NAMES utf8 */;
/*!40103 SET @OLD_TIME_ZONE=@@TIME_ZONE */;
/*!40103 SET TIME_ZONE='+00:00' */;
/*!40014 SET @OLD_UNIQUE_CHECKS=@@UNIQUE_CHECKS, UNIQUE_CHECKS=0 */;
/*!40014 SET @OLD_FOREIGN_KEY_CHECKS=@@FOREIGN_KEY_CHECKS, FOREIGN_KEY_CHECKS=0 */;
/*!40101 SET @OLD_SQL_MODE=@@SQL_MODE, SQL_MODE='NO_AUTO_VALUE_ON_ZERO' */;
/*!40111 SET @OLD_SQL_NOTES=@@SQL_NOTES, SQL_NOTES=0 */;

--
-- Table structure for table `groups`
--

DROP TABLE IF EXISTS `groups`;
/*!40101 SET @saved_cs_client     = @@character_set_client */;
/*!40101 SET character_set_client = utf8 */;
CREATE TABLE `groups` (
  `id` int(10) unsigned NOT NULL AUTO_INCREMENT,
  `name` varchar(255) COLLATE utf8_unicode_ci NOT NULL,
  `permissions` text COLLATE utf8_unicode_ci,
  `protected` tinyint(1) NOT NULL DEFAULT '0',
  `created_at` timestamp NULL DEFAULT NULL,
  `updated_at` timestamp NULL DEFAULT NULL,
  PRIMARY KEY (`id`),
  UNIQUE KEY `groups_name_unique` (`name`)
) ENGINE=InnoDB AUTO_INCREMENT=16 DEFAULT CHARSET=utf8 COLLATE=utf8_unicode_ci;
/*!40101 SET character_set_client = @saved_cs_client */;

--
-- Dumping data for table `groups`
--

LOCK TABLES `groups` WRITE;
/*!40000 ALTER TABLE `groups` DISABLE KEYS */;
INSERT INTO `groups` VALUES (1,'superadmin','{\"_superadmin\":1}',0,'2016-05-15 04:20:10','2016-05-16 23:34:23'),(2,'editor','{\"_user-editor\":1,\"_group-editor\":1}',0,'2016-05-15 04:20:10','2016-05-15 04:20:10'),(3,'base admin','{\"_user-editor\":1}',0,'2016-05-15 04:20:10','2016-05-15 04:20:10'),(5,'user profile','{\"_profile-change-avatar\":1}',0,'2016-05-15 20:06:01','2016-05-15 20:06:08'),(6,'HRM admin','{\"_hrm-admin\":1}',0,'2016-05-17 01:34:44','2016-05-17 01:34:49'),(7,'HRM user','{\"_hrm-user\":1}',0,'2016-05-17 01:35:04','2016-05-17 01:35:08'),(8,'aaaaaaaaa',NULL,0,'2016-05-17 19:27:09','2016-05-17 19:27:09'),(9,'bbbbbbbbbbbbbbbb',NULL,0,'2016-05-17 19:27:14','2016-05-17 19:27:14'),(10,'cccccccccccccccccccc',NULL,0,'2016-05-17 19:27:19','2016-05-17 19:27:19'),(11,'dddddddddddddddd',NULL,0,'2016-05-17 19:27:23','2016-05-17 19:27:23'),(12,'eeeeeeeeeeeeeeeee',NULL,0,'2016-05-17 19:27:27','2016-05-17 19:27:27'),(13,'ggggggggggggggggggg',NULL,0,'2016-05-17 19:27:30','2016-05-17 19:27:30'),(14,'eeeeeeeeeeeeeeee',NULL,0,'2016-05-17 19:27:35','2016-05-17 19:27:35'),(15,'tttttttttttttttkk12',NULL,0,'2016-05-17 19:27:40','2016-05-19 06:37:25');
/*!40000 ALTER TABLE `groups` ENABLE KEYS */;
UNLOCK TABLES;

--
-- Table structure for table `hrm_payrolls`
--

DROP TABLE IF EXISTS `hrm_payrolls`;
/*!40101 SET @saved_cs_client     = @@character_set_client */;
/*!40101 SET character_set_client = utf8 */;
CREATE TABLE `hrm_payrolls` (
  `hrm_payroll_id` int(11) NOT NULL AUTO_INCREMENT,
  `hrm_payroll_title` varchar(500) COLLATE utf8_unicode_ci NOT NULL,
  `hrm_payroll_description` text COLLATE utf8_unicode_ci NOT NULL,
  `hrm_payroll_time` int(11) NOT NULL,
  `protected` tinyint(4) NOT NULL DEFAULT '0',
  `created_at` timestamp NOT NULL,
  `updated_at` timestamp NOT NULL,
  PRIMARY KEY (`hrm_payroll_id`),
  KEY `hrm_payroll_time` (`hrm_payroll_time`)
) ENGINE=InnoDB AUTO_INCREMENT=17 DEFAULT CHARSET=utf8 COLLATE=utf8_unicode_ci;
/*!40101 SET character_set_client = @saved_cs_client */;

--
-- Dumping data for table `hrm_payrolls`
--

LOCK TABLES `hrm_payrolls` WRITE;
/*!40000 ALTER TABLE `hrm_payrolls` DISABLE KEYS */;
INSERT INTO `hrm_payrolls` VALUES (1,'Test 1 bảng lương tháng 1','Test 1 bảng lương tháng 1',12,0,'2016-05-18 01:32:17','2016-05-18 01:32:17'),(2,'Test 2 bảng lương tháng 1','Test 1 bảng lương tháng 1',12,0,'2016-05-18 02:02:36','2016-05-18 02:02:36'),(3,'Test 3 bảng lương tháng 1','Test 1 bảng lương tháng 1',12,0,'2016-05-18 02:02:46','2016-05-18 02:02:46'),(4,'Test 4 bảng lương tháng 1','Test 1 bảng lương tháng 1',12,0,'2016-05-18 02:02:57','2016-05-18 02:02:57'),(5,'Test 5 bảng lương tháng 1','Test 1 bảng lương tháng 1',12,0,'2016-05-18 02:02:57','2016-05-18 02:02:57'),(6,'Test 6 bảng lương tháng 1','Test 1 bảng lương tháng 1',12,0,'2016-05-18 02:02:57','2016-05-18 02:02:57'),(8,'Test 7 bảng lương tháng 1','Test 1 bảng lương tháng 1',12,0,'2016-05-18 02:02:57','2016-05-18 02:02:57'),(9,'Test 8 bảng lương tháng 1','Test 1 bảng lương tháng 1',12,0,'2016-05-18 02:02:57','2016-05-18 02:02:57'),(10,'Test 9 bảng lương tháng 1','Test 1 bảng lương tháng 1',12,0,'2016-05-18 02:02:57','2016-05-18 02:02:57'),(11,'Test 10 bảng lương tháng 1','Test 1 bảng lương tháng 1',12,0,'2016-05-18 02:02:57','2016-05-18 02:02:57'),(12,'Test 11 bảng lương tháng 1','Test 1 bảng lương tháng 1',12,0,'2016-05-18 02:02:57','2016-05-18 02:02:57'),(13,'Test 12 bảng lương tháng 1','Test 1 bảng lương tháng 1',12,0,'2016-05-18 02:02:57','2016-05-18 02:02:57'),(14,'Test 13 bảng lương tháng 1','Test 1 bảng lương tháng 1',12,0,'2016-05-18 02:02:57','2016-05-18 02:02:57'),(15,'Test 15 bảng lương tháng 1','Test 1 bảng lương tháng 1',12,0,'2016-05-18 02:02:57','2016-05-18 02:02:57'),(16,'Test 16 bảng lương tháng 1','Test 1 bảng lương tháng 1',12,0,'2016-05-18 02:02:57','2016-05-18 02:02:57');
/*!40000 ALTER TABLE `hrm_payrolls` ENABLE KEYS */;
UNLOCK TABLES;

--
-- Table structure for table `migrations`
--

DROP TABLE IF EXISTS `migrations`;
/*!40101 SET @saved_cs_client     = @@character_set_client */;
/*!40101 SET character_set_client = utf8 */;
CREATE TABLE `migrations` (
  `migration` varchar(255) COLLATE utf8_unicode_ci NOT NULL,
  `batch` int(11) NOT NULL
) ENGINE=InnoDB DEFAULT CHARSET=utf8 COLLATE=utf8_unicode_ci;
/*!40101 SET character_set_client = @saved_cs_client */;

--
-- Dumping data for table `migrations`
--

LOCK TABLES `migrations` WRITE;
/*!40000 ALTER TABLE `migrations` DISABLE KEYS */;
INSERT INTO `migrations` VALUES ('2012_12_06_225988_migration_cartalyst_sentry_install_throttle',1),('2014_02_19_095545_create_users_table',1),('2014_02_19_095623_create_user_groups_table',1),('2014_02_19_095637_create_groups_table',1),('2014_02_19_160516_create_permission_table',1),('2014_02_26_165011_create_user_profile_table',1),('2014_05_06_122145_create_profile_field_types',1),('2014_05_06_122155_create_profile_field',1),('2014_10_12_100000_create_password_resets_table',1);
/*!40000 ALTER TABLE `migrations` ENABLE KEYS */;
UNLOCK TABLES;

--
-- Table structure for table `password_resets`
--

DROP TABLE IF EXISTS `password_resets`;
/*!40101 SET @saved_cs_client     = @@character_set_client */;
/*!40101 SET character_set_client = utf8 */;
CREATE TABLE `password_resets` (
  `email` varchar(255) COLLATE utf8_unicode_ci NOT NULL,
  `token` varchar(255) COLLATE utf8_unicode_ci NOT NULL,
  `created_at` timestamp NOT NULL,
  KEY `password_resets_email_index` (`email`),
  KEY `password_resets_token_index` (`token`)
) ENGINE=InnoDB DEFAULT CHARSET=utf8 COLLATE=utf8_unicode_ci;
/*!40101 SET character_set_client = @saved_cs_client */;

--
-- Dumping data for table `password_resets`
--

LOCK TABLES `password_resets` WRITE;
/*!40000 ALTER TABLE `password_resets` DISABLE KEYS */;
/*!40000 ALTER TABLE `password_resets` ENABLE KEYS */;
UNLOCK TABLES;

--
-- Table structure for table `permission`
--

DROP TABLE IF EXISTS `permission`;
/*!40101 SET @saved_cs_client     = @@character_set_client */;
/*!40101 SET character_set_client = utf8 */;
CREATE TABLE `permission` (
  `id` int(10) unsigned NOT NULL AUTO_INCREMENT,
  `description` varchar(255) COLLATE utf8_unicode_ci NOT NULL,
  `permission` varchar(255) COLLATE utf8_unicode_ci NOT NULL,
  `protected` tinyint(1) NOT NULL DEFAULT '0',
  `created_at` timestamp NULL DEFAULT NULL,
  `updated_at` timestamp NULL DEFAULT NULL,
  PRIMARY KEY (`id`)
) ENGINE=InnoDB AUTO_INCREMENT=22 DEFAULT CHARSET=utf8 COLLATE=utf8_unicode_ci;
/*!40101 SET character_set_client = @saved_cs_client */;

--
-- Dumping data for table `permission`
--

LOCK TABLES `permission` WRITE;
/*!40000 ALTER TABLE `permission` DISABLE KEYS */;
INSERT INTO `permission` VALUES (1,'superadmin','_superadmin',0,'2016-05-15 04:28:39','2016-05-15 04:28:39'),(2,'user editor','_user-editor',0,'2016-05-15 04:28:39','2016-05-15 04:28:39'),(3,'group editor','_group-editor',0,'2016-05-15 04:28:39','2016-05-15 04:28:39'),(4,'permission editor','_permission-editor',0,'2016-05-15 04:28:39','2016-05-15 04:28:39'),(5,'profile type editor','_profile-editor',0,'2016-05-15 04:28:39','2016-05-15 04:28:39'),(7,'profile change avatar','_profile-change-avatar',0,'2016-05-15 08:14:57','2016-05-15 08:14:57'),(9,'HRM Admin','_hrm-admin',0,'2016-05-16 23:36:03','2016-05-16 23:36:43'),(10,'HRM User','_hrm-user',0,'2016-05-16 23:36:22','2016-05-16 23:36:22'),(11,'testtest','testtest',0,NULL,NULL),(12,'testtest','testtest',0,NULL,NULL),(13,'testtest','testtest',0,NULL,NULL),(14,'testtest','testtest',0,NULL,NULL),(15,'testtest','testtest',0,NULL,NULL),(16,'testtestssss','_testtestssss',0,NULL,'2016-05-19 06:50:19'),(17,'testtest','testtest',0,NULL,NULL),(18,'testtest','testtest',0,NULL,NULL),(19,'testtest','testtest',0,NULL,NULL),(20,'testtest','testtest',0,NULL,NULL),(21,'testtest','testtest',0,NULL,NULL);
/*!40000 ALTER TABLE `permission` ENABLE KEYS */;
UNLOCK TABLES;

--
-- Table structure for table `profile_field`
--

DROP TABLE IF EXISTS `profile_field`;
/*!40101 SET @saved_cs_client     = @@character_set_client */;
/*!40101 SET character_set_client = utf8 */;
CREATE TABLE `profile_field` (
  `id` int(10) unsigned NOT NULL AUTO_INCREMENT,
  `profile_id` int(10) unsigned NOT NULL,
  `profile_field_type_id` int(10) unsigned NOT NULL,
  `value` varchar(255) COLLATE utf8_unicode_ci NOT NULL,
  `created_at` timestamp NULL DEFAULT NULL,
  `updated_at` timestamp NULL DEFAULT NULL,
  PRIMARY KEY (`id`),
  UNIQUE KEY `profile_field_profile_id_profile_field_type_id_unique` (`profile_id`,`profile_field_type_id`),
  KEY `profile_field_profile_field_type_id_foreign` (`profile_field_type_id`),
  CONSTRAINT `profile_field_profile_field_type_id_foreign` FOREIGN KEY (`profile_field_type_id`) REFERENCES `profile_field_type` (`id`) ON DELETE CASCADE ON UPDATE CASCADE,
  CONSTRAINT `profile_field_profile_id_foreign` FOREIGN KEY (`profile_id`) REFERENCES `user_profile` (`id`) ON DELETE CASCADE ON UPDATE CASCADE
) ENGINE=InnoDB DEFAULT CHARSET=utf8 COLLATE=utf8_unicode_ci;
/*!40101 SET character_set_client = @saved_cs_client */;

--
-- Dumping data for table `profile_field`
--

LOCK TABLES `profile_field` WRITE;
/*!40000 ALTER TABLE `profile_field` DISABLE KEYS */;
/*!40000 ALTER TABLE `profile_field` ENABLE KEYS */;
UNLOCK TABLES;

--
-- Table structure for table `profile_field_type`
--

DROP TABLE IF EXISTS `profile_field_type`;
/*!40101 SET @saved_cs_client     = @@character_set_client */;
/*!40101 SET character_set_client = utf8 */;
CREATE TABLE `profile_field_type` (
  `id` int(10) unsigned NOT NULL AUTO_INCREMENT,
  `description` varchar(255) COLLATE utf8_unicode_ci NOT NULL,
  `created_at` timestamp NULL DEFAULT NULL,
  `updated_at` timestamp NULL DEFAULT NULL,
  PRIMARY KEY (`id`)
) ENGINE=InnoDB DEFAULT CHARSET=utf8 COLLATE=utf8_unicode_ci;
/*!40101 SET character_set_client = @saved_cs_client */;

--
-- Dumping data for table `profile_field_type`
--

LOCK TABLES `profile_field_type` WRITE;
/*!40000 ALTER TABLE `profile_field_type` DISABLE KEYS */;
/*!40000 ALTER TABLE `profile_field_type` ENABLE KEYS */;
UNLOCK TABLES;

--
-- Table structure for table `throttle`
--

DROP TABLE IF EXISTS `throttle`;
/*!40101 SET @saved_cs_client     = @@character_set_client */;
/*!40101 SET character_set_client = utf8 */;
CREATE TABLE `throttle` (
  `id` int(10) unsigned NOT NULL AUTO_INCREMENT,
  `user_id` int(10) unsigned DEFAULT NULL,
  `ip_address` varchar(255) COLLATE utf8_unicode_ci DEFAULT NULL,
  `attempts` int(11) NOT NULL DEFAULT '0',
  `suspended` tinyint(1) NOT NULL DEFAULT '0',
  `banned` tinyint(1) NOT NULL DEFAULT '0',
  `last_attempt_at` timestamp NULL DEFAULT NULL,
  `suspended_at` timestamp NULL DEFAULT NULL,
  `banned_at` timestamp NULL DEFAULT NULL,
  PRIMARY KEY (`id`),
  KEY `throttle_user_id_index` (`user_id`)
) ENGINE=InnoDB AUTO_INCREMENT=5 DEFAULT CHARSET=utf8 COLLATE=utf8_unicode_ci;
/*!40101 SET character_set_client = @saved_cs_client */;

--
-- Dumping data for table `throttle`
--

LOCK TABLES `throttle` WRITE;
/*!40000 ALTER TABLE `throttle` DISABLE KEYS */;
INSERT INTO `throttle` VALUES (1,1,'127.0.0.1',0,0,0,NULL,NULL,NULL),(2,2,'127.0.0.1',0,0,0,NULL,NULL,NULL),(3,18,'127.0.0.1',0,0,0,NULL,NULL,NULL),(4,19,'127.0.0.1',0,0,0,NULL,NULL,NULL);
/*!40000 ALTER TABLE `throttle` ENABLE KEYS */;
UNLOCK TABLES;

--
-- Table structure for table `user_profile`
--

DROP TABLE IF EXISTS `user_profile`;
/*!40101 SET @saved_cs_client     = @@character_set_client */;
/*!40101 SET character_set_client = utf8 */;
CREATE TABLE `user_profile` (
  `id` int(10) unsigned NOT NULL AUTO_INCREMENT,
  `user_id` int(10) unsigned NOT NULL,
  `code` varchar(25) COLLATE utf8_unicode_ci DEFAULT NULL,
  `vat` varchar(20) COLLATE utf8_unicode_ci DEFAULT NULL,
  `first_name` varchar(50) COLLATE utf8_unicode_ci DEFAULT NULL,
  `last_name` varchar(50) COLLATE utf8_unicode_ci DEFAULT NULL,
  `phone` varchar(20) COLLATE utf8_unicode_ci DEFAULT NULL,
  `state` varchar(20) COLLATE utf8_unicode_ci DEFAULT NULL,
  `city` varchar(50) COLLATE utf8_unicode_ci DEFAULT NULL,
  `country` varchar(50) COLLATE utf8_unicode_ci DEFAULT NULL,
  `zip` varchar(20) COLLATE utf8_unicode_ci DEFAULT NULL,
  `address` varchar(100) COLLATE utf8_unicode_ci DEFAULT NULL,
  `avatar` blob,
  `created_at` timestamp NULL DEFAULT NULL,
  `updated_at` timestamp NULL DEFAULT NULL,
  PRIMARY KEY (`id`),
  KEY `user_profile_user_id_foreign` (`user_id`),
  CONSTRAINT `user_profile_user_id_foreign` FOREIGN KEY (`user_id`) REFERENCES `users` (`id`) ON DELETE CASCADE ON UPDATE CASCADE
) ENGINE=InnoDB AUTO_INCREMENT=33 DEFAULT CHARSET=utf8 COLLATE=utf8_unicode_ci;
/*!40101 SET character_set_client = @saved_cs_client */;

--
-- Dumping data for table `user_profile`
--

LOCK TABLES `user_profile` WRITE;
/*!40000 ALTER TABLE `user_profile` DISABLE KEYS */;
INSERT INTO `user_profile` VALUES (1,1,'',NULL,'','','','','','','','','\0JFIF\0\0\0\0\0\0\0;CREATOR: gd-jpeg v1.0 (using IJG JPEG v90), quality = 90\n\0C\0\n\n\n\r\r\0C		\r\r\0\0\0\"\0\0\0\0\0\0\0\0\0\0\0\0	\n\0\0\0\0}\0!1AQa\"q2#BR$3br	\n\Z%&\'()*456789:CDEFGHIJSTUVWXYZcdefghijstuvwxyz\0\0\0\0\0\0\0\0	\n\0\0\0w\0!1AQaq\"2B	#3Rbr\n$4%\Z&\'()*56789:CDEFGHIJSTUVWXYZcdefghijstuvwxyz\0\0\0?\0O4(t&\r;4bp*έagpOy2\"7n95v_a$7L}Fm[Ѹ}:{Rw;|L*V]}K{؜**fb\0=3|S>)\nxQžr&[XlN7!?+A^AOΑK<-|>$uuP7`AWQQKG	\'(7\0YEѵ-:`a4پrǨ\':\r~b|ׅy	\'~$j[:ӁX\07sXw;E\riDHQ4.N3\nЧM{O5x	ԨݟZtjZss:dCW2G^)CU,:5<GյJl̺ \0Y\0ֹ%:㔾?{nA*M}׍U#$_^㯇^YrRH#_)v\'LTQi#zUƕK){9+ey~\' 9s~ּ9vX;[;\\0ȯY5%tyr\\u4u)CȠR@h\0(\0(Q@\0(Hx;^$gȵҭu!{(\0tHGc2Iȍ$hno\r2KmAvvJbU ܖ=kVTc\rJ5s~l]ZZx\"K9-F[i\"z=@tdΟVYηiqB013+Oß~\0<5Okf	;QNp8\\zVp1rz}+1sj<!*^K\ZֹM^T/f.2q;ny$\0/J=*gHcr)7B\"F@\0\ZܜF**ȏ  =KD\0\"u,?(&=jJ!?j2~35?N)KȧH|!߂>&U%>d䵽]:cЌ\r~_/Y!wqoZ<q}b?sӪ|ٓ2jV۾I>_9ryjǚ+S#ꥥŪiַv$%7?kT]XQEf9()\r\0W[eABB0kɾ|?fφilKA\r63}@5<C^tσ8:=Y+6ʍދ\0,<G9Q0~v\0*o٠*Ի|>-܁\"?j\0\\m}AtHī\0:qiTs%#O	PIN)=A;].G0_}IBS8#A)l1voR{/R\\4MdVukkvKC1߭yNc4D\Zvv1!d~bi#w#>[aՇ\rFB:q$Oxۣ#}ED	4;PZ__W:hKq1FM&rO8ChAkO%vK$HO-}ksφEB\n+\nZJO΀4f@/O~6R 73 *I${oy>6P>5_JNЬHjS1sb+gf\r<UE=__\ZIkjf@\\&1tI_:渹Ѯc@9ƙuk/YFؙ!Cۑ`1Ï9CYjWKQMڣ|JwP#eZbJNj3.c\rSzʱ+8?=MOZޫgYD̰1nkѾ<|%V-\\vua~e\0Ñ_xT&1B3ܐH;W#_&һ>)&=C(<ghz6(tq(2)ll?\no>9~̚2kwo%2S#x|:⽏{_ZXEaG@z׺io\r6S<J$ ͎s_KBT8t㥏mwH$|BL\nkKÿçe\\)P}rs~X֑m\"Sc-rtg\"2|Q%\\wMbHy(mnI%.{8{WN_h>h;<3ɿuC\"r%e?8|jn4N;;$S~o50w{YOh7K]]HF0\0:sX__m7Wt\0*u+\rCx偵6Gj#\r;1J\0O(+^Y˧m:ouR8 kLHi8a^ٞ޶	]i|rJ,gM~[~ڶrL/M>mHd?!|pA0k0Rtz?\'J3^\nh&qFG\0ʗ c`%e;288|):A\0cTfϟ: |guʂ:aY\ZtXg`w`C1PuI9Zџx__^OvcK[f!RGۜ\\\02c}Ʒ\0\n4H. F\\J<Xf`A<q\\G!MJ\ZHe1iU;ŗNWv:EçC!X+<{IW[.|ol7GK1￦~^}Czn]8I?ZC2Nӌ^-XubϤabrc|~vz©=5lgP:z{8YZXzl=*S̲2W]~ϚV:U$X!Rq2Y?<>b`?:Hbd|sFY[ƺȾ/Qka&сq=|]X<:jMYUZwVϸ//\r򦳧Pހ$`\0w(Q!=1׵y}xsPkxsH]wQ\\d~d펆MKSn٩ϩ̙U@U(ֲ.Mi01Ⱬ|E=}س[<>kߒܜW~}*318D˻c>zD\0\Z\rof?к5	TDNnx?i/Msj[il/LF,K3ћ\nHGlv\"xn\nOD\ZŽ~5\0Gq(Pz(cYĶ;vQ	`\nerw,.O!Xr+m}#iQIv*f=X\'WG\nǅm\'!6*wߘWz(\0c\'<nT\0hE:oml#:a`u^];_Ϻ}Z[VH,`uRX?5[(;r{0)X+}J+ԕ؄f1KGJB2hKF(\0E\'ZZ\0L\nd	棔Z7==<_QԬ[\'=|֭N80G}2Hx/YxJI ۪@P{l9pG<J)fk_%tKhxe@zj[[k,ϼ9->b?烣)6e`]X2aЃ\r}FoQ.e?58/Q~~5fsGvuvD=Ӵm\r>_W纱S#7|A/\"ԵH.X\r`w| +bhbemtOGCq.[f8zBKfz}K8H%L1R>t%+O2*iXW7F*ypsVUN132xԕT{<AJӨ«x4|H8U\'\0}k$5)m#ĴH:s՛ֺ\ru_kۦˍOݕsdyǃ\0ɯ:k{~{id)`l5dzhT?fn5\0EW3Is#޶@\':m\n:b<;?M2H>ybIxWԔI{*aeZor輖jFiQYQHi\0;PފBh\0-/\0uWomʞ\'x<PP~gQ;>$ڶoZ6^{81c_Ҽ6Sҩh`5~\r$΄	\r~)%Fq.c:1O2ʣj.β42o<GrMt>Eq7ic㋯6mvFvذ(̌\nHpAZ\nj,E=K10¬Wi&[ssW=	4]B{˝>H٬aK$R3ӞpO4~\"bHIեA>`($ںZF2k/(\\n_2	Q}$W{}2\'uk\Z/8\'ܞ\0μwa:>$n;kʷ9xgB=G({hi:9t.M˄{;=&ih<}?}u/nnYd?zW0xvėj:<!YAUb\'>}݈_Y#۩/=kWrI\'Mn?[Rn4H⊌Πг+M+<ъh|逻hKH\r^AeT%\nz7_\Zm]ycFD傟{%ɫń.W}<0u&Y,{e}PUQ~!UȰK(<t0\r8GCkk]i*ms\ZC1Z<X%.F{p7\ZSڣa1`7ߑ7yW;DGtx .`>rάIovu\0WH,r;Lc	~œ}F6Y%.<_k7<u$GK4bE:pk]wLL28\0dW#KCx^Eo[I5*yH#ֵ~j)H H%qW+k?/Z-p%g;|:j7OOȹyc\nO]BM}i;ҧa eu:{|!kiľ$Ӷ8`[G_x\n|LӻV??SN(	FWijmkȵ;EAX/13uS\\E˶)4>6|ZFObpȨk\Zo硶e<?Z7?Sms1U;{^eA/&G$*,@Z~8uՈڿ5/k?Vlm[HZ5EL\0=pOJ類cyҜUOGR緺ZxĿګ~RM$\ZeAm\rIM;q_i5x[XPDSm=}8\r~fHs/~X\\P=3_P:u?i|Gox9̽=+N&!Cq{<-cqT̯\0#킑:vM~*~yR7OƓ9P23E~9PWrKOuu$ϓY?οc52΃/+^k-{TaX*_xbK{y\Zs<=+mw\0\0*t?j/kZRET,{y]jט; NOÝc]\0h/c988<}WRn*V4bRq2־vh=oNtMX,u#5?|^m&\ZaN⾞iw_^x\'M;Gtuob]@\r[<zW_sKh#n$֮s9V(Ϡ5>Ub\'j>3\Z}\0iԓ\r1`Yn\0I$du\Z|9 mR`p#RW~D~&|]B6^up$?In6|۹v\0bZ+i^4aRR8r(lw穚({eR2Q*vm4twשx+Oll&mkomO7PxsK]dCj,׃}x-uVlG^\\IfB#9~3KτgG\'t\rs\0xᧃ$Amg\ZT`X@n%C/@5V|O, {76[ˁ_%lmsN#yقR3yg5{a,c8,@{?r+pZ/\n䝠08&|xnVu^h,$J7)|X\"csVZ%{^0wRt(ݾm.-N/r7E)i>xj7*N+t:R`1ʰBXg{zjv]3>{@?}հRpKFVR歉~Gy|w:ZÏ^ķ7,C0pqV|\ZZ-՘1VO00<z{,f15GRhbF,j3rxI۴:.\r7?A^\\]5寽O\'Te%)[~6|>ͬ}GwMc?}5\0vK0+¿h$R\'d7K\0-󟪔\0M}\n%Z\0kX`ubl7хiy\'QۊۀԱNuw\r\0NK/z}1{ӳ_#tj=s_OK?uY%iMݜ̌_ }㩯ӦBqҫZ$[@#>{_OF<Vi\0]5)U)ɫ;?>~7d^]Y<=ǰ*?λ첼u#KY_e7A-jUZQWzs>z{r;׼Ol`n3GqmpFCc28},I1;.4		!LøһՏ$/BmO֭mc?\'WLqXm~<1C(Ύ\ZimV/-KlF(i#W$u\0jUn@޼o:,Ԁ;u/=f\">Y/2ß9V];:~cWO<#Mgf2zWʕ}CЧE(Գ;&__ɪ9WeKy\nF\0yh\'9<22\\]jj1S	#g\"\0#?!ӓӝpC4=BI&ԓ4Ҳa7FW֬o0\nXCO@]5/x^-6IF\0CfcH|RčĜ+5<hvڦ+mE۫HsӎG\0bs.+_mϚg9`gVT\0ߏut|Oۇy\\g5S];N.O,fϡ.}yX}ȧoWKqV}?(ER_9.KJ\rZrBp،hPXկI	yjbۀ9I^=lYjh~~*xH_8i|s_/\\5[-B(cXE\n¨`@&Um(ХF*1]HEiw\n&߭IE\05qE\0&()J3uƘ5u;P|;Pi{\nZ\0@)3N=(`#~(*JJw\0iii)\0\0bҖ?','2016-05-15 04:20:11','2016-05-15 09:25:10'),(2,2,'',NULL,'','xxxxxxxxx','','','','','','','\0JFIF\0\0\0\0\0\0\0;CREATOR: gd-jpeg v1.0 (using IJG JPEG v90), quality = 90\n\0C\0\n\n\n\r\r\0C		\r\r\0\0\0\"\0\0\0\0\0\0\0\0\0\0\0\0	\n\0\0\0\0}\0!1AQa\"q2#BR$3br	\n\Z%&\'()*456789:CDEFGHIJSTUVWXYZcdefghijstuvwxyz\0\0\0\0\0\0\0\0	\n\0\0\0w\0!1AQaq\"2B	#3Rbr\n$4%\Z&\'()*56789:CDEFGHIJSTUVWXYZcdefghijstuvwxyz\0\0\0?\0O4(t&\r;4bp*έagpOy2\"7n95v_a$7L}Fm[Ѹ}:{Rw;|L*V]}K{؜**fb\0=3|S>)\nxQžr&[XlN7!?+A^AOΑK<-|>$uuP7`AWQQKG	\'(7\0YEѵ-:`a4پrǨ\':\r~b|ׅy	\'~$j[:ӁX\07sXw;E\riDHQ4.N3\nЧM{O5x	ԨݟZtjZss:dCW2G^)CU,:5<GյJl̺ \0Y\0ֹ%:㔾?{nA*M}׍U#$_^㯇^YrRH#_)v\'LTQi#zUƕK){9+ey~\' 9s~ּ9vX;[;\\0ȯY5%tyr\\u4u)CȠR@h\0(\0(Q@\0(Hx;^$gȵҭu!{(\0tHGc2Iȍ$hno\r2KmAvvJbU ܖ=kVTc\rJ5s~l]ZZx\"K9-F[i\"z=@tdΟVYηiqB013+Oß~\0<5Okf	;QNp8\\zVp1rz}+1sj<!*^K\ZֹM^T/f.2q;ny$\0/J=*gHcr)7B\"F@\0\ZܜF**ȏ  =KD\0\"u,?(&=jJ!?j2~35?N)KȧH|!߂>&U%>d䵽]:cЌ\r~_/Y!wqoZ<q}b?sӪ|ٓ2jV۾I>_9ryjǚ+S#ꥥŪiַv$%7?kT]XQEf9()\r\0W[eABB0kɾ|?fφilKA\r63}@5<C^tσ8:=Y+6ʍދ\0,<G9Q0~v\0*o٠*Ի|>-܁\"?j\0\\m}AtHī\0:qiTs%#O	PIN)=A;].G0_}IBS8#A)l1voR{/R\\4MdVukkvKC1߭yNc4D\Zvv1!d~bi#w#>[aՇ\rFB:q$Oxۣ#}ED	4;PZ__W:hKq1FM&rO8ChAkO%vK$HO-}ksφEB\n+\nZJO΀4f@/O~6R 73 *I${oy>6P>5_JNЬHjS1sb+gf\r<UE=__\ZIkjf@\\&1tI_:渹Ѯc@9ƙuk/YFؙ!Cۑ`1Ï9CYjWKQMڣ|JwP#eZbJNj3.c\rSzʱ+8?=MOZޫgYD̰1nkѾ<|%V-\\vua~e\0Ñ_xT&1B3ܐH;W#_&һ>)&=C(<ghz6(tq(2)ll?\no>9~̚2kwo%2S#x|:⽏{_ZXEaG@z׺io\r6S<J$ ͎s_KBT8t㥏mwH$|BL\nkKÿçe\\)P}rs~X֑m\"Sc-rtg\"2|Q%\\wMbHy(mnI%.{8{WN_h>h;<3ɿuC\"r%e?8|jn4N;;$S~o50w{YOh7K]]HF0\0:sX__m7Wt\0*u+\rCx偵6Gj#\r;1J\0O(+^Y˧m:ouR8 kLHi8a^ٞ޶	]i|rJ,gM~[~ڶrL/M>mHd?!|pA0k0Rtz?\'J3^\nh&qFG\0ʗ c`%e;288|):A\0cTfϟ: |guʂ:aY\ZtXg`w`C1PuI9Zџx__^OvcK[f!RGۜ\\\02c}Ʒ\0\n4H. F\\J<Xf`A<q\\G!MJ\ZHe1iU;ŗNWv:EçC!X+<{IW[.|ol7GK1￦~^}Czn]8I?ZC2Nӌ^-XubϤabrc|~vz©=5lgP:z{8YZXzl=*S̲2W]~ϚV:U$X!Rq2Y?<>b`?:Hbd|sFY[ƺȾ/Qka&сq=|]X<:jMYUZwVϸ//\r򦳧Pހ$`\0w(Q!=1׵y}xsPkxsH]wQ\\d~d펆MKSn٩ϩ̙U@U(ֲ.Mi01Ⱬ|E=}س[<>kߒܜW~}*318D˻c>zD\0\Z\rof?к5	TDNnx?i/Msj[il/LF,K3ћ\nHGlv\"xn\nOD\ZŽ~5\0Gq(Pz(cYĶ;vQ	`\nerw,.O!Xr+m}#iQIv*f=X\'WG\nǅm\'!6*wߘWz(\0c\'<nT\0hE:oml#:a`u^];_Ϻ}Z[VH,`uRX?5[(;r{0)X+}J+ԕ؄f1KGJB2hKF(\0E\'ZZ\0L\nd	棔Z7==<_QԬ[\'=|֭N80G}2Hx/YxJI ۪@P{l9pG<J)fk_%tKhxe@zj[[k,ϼ9->b?烣)6e`]X2aЃ\r}FoQ.e?58/Q~~5fsGvuvD=Ӵm\r>_W纱S#7|A/\"ԵH.X\r`w| +bhbemtOGCq.[f8zBKfz}K8H%L1R>t%+O2*iXW7F*ypsVUN132xԕT{<AJӨ«x4|H8U\'\0}k$5)m#ĴH:s՛ֺ\ru_kۦˍOݕsdyǃ\0ɯ:k{~{id)`l5dzhT?fn5\0EW3Is#޶@\':m\n:b<;?M2H>ybIxWԔI{*aeZor輖jFiQYQHi\0;PފBh\0-/\0uWomʞ\'x<PP~gQ;>$ڶoZ6^{81c_Ҽ6Sҩh`5~\r$΄	\r~)%Fq.c:1O2ʣj.β42o<GrMt>Eq7ic㋯6mvFvذ(̌\nHpAZ\nj,E=K10¬Wi&[ssW=	4]B{˝>H٬aK$R3ӞpO4~\"bHIեA>`($ںZF2k/(\\n_2	Q}$W{}2\'uk\Z/8\'ܞ\0μwa:>$n;kʷ9xgB=G({hi:9t.M˄{;=&ih<}?}u/nnYd?zW0xvėj:<!YAUb\'>}݈_Y#۩/=kWrI\'Mn?[Rn4H⊌Πг+M+<ъh|逻hKH\r^AeT%\nz7_\Zm]ycFD傟{%ɫń.W}<0u&Y,{e}PUQ~!UȰK(<t0\r8GCkk]i*ms\ZC1Z<X%.F{p7\ZSڣa1`7ߑ7yW;DGtx .`>rάIovu\0WH,r;Lc	~œ}F6Y%.<_k7<u$GK4bE:pk]wLL28\0dW#KCx^Eo[I5*yH#ֵ~j)H H%qW+k?/Z-p%g;|:j7OOȹyc\nO]BM}i;ҧa eu:{|!kiľ$Ӷ8`[G_x\n|LӻV??SN(	FWijmkȵ;EAX/13uS\\E˶)4>6|ZFObpȨk\Zo硶e<?Z7?Sms1U;{^eA/&G$*,@Z~8uՈڿ5/k?Vlm[HZ5EL\0=pOJ類cyҜUOGR緺ZxĿګ~RM$\ZeAm\rIM;q_i5x[XPDSm=}8\r~fHs/~X\\P=3_P:u?i|Gox9̽=+N&!Cq{<-cqT̯\0#킑:vM~*~yR7OƓ9P23E~9PWrKOuu$ϓY?οc52΃/+^k-{TaX*_xbK{y\Zs<=+mw\0\0*t?j/kZRET,{y]jט; NOÝc]\0h/c988<}WRn*V4bRq2־vh=oNtMX,u#5?|^m&\ZaN⾞iw_^x\'M;Gtuob]@\r[<zW_sKh#n$֮s9V(Ϡ5>Ub\'j>3\Z}\0iԓ\r1`Yn\0I$du\Z|9 mR`p#RW~D~&|]B6^up$?In6|۹v\0bZ+i^4aRR8r(lw穚({eR2Q*vm4twשx+Oll&mkomO7PxsK]dCj,׃}x-uVlG^\\IfB#9~3KτgG\'t\rs\0xᧃ$Amg\ZT`X@n%C/@5V|O, {76[ˁ_%lmsN#yقR3yg5{a,c8,@{?r+pZ/\n䝠08&|xnVu^h,$J7)|X\"csVZ%{^0wRt(ݾm.-N/r7E)i>xj7*N+t:R`1ʰBXg{zjv]3>{@?}հRpKFVR歉~Gy|w:ZÏ^ķ7,C0pqV|\ZZ-՘1VO00<z{,f15GRhbF,j3rxI۴:.\r7?A^\\]5寽O\'Te%)[~6|>ͬ}GwMc?}5\0vK0+¿h$R\'d7K\0-󟪔\0M}\n%Z\0kX`ubl7хiy\'QۊۀԱNuw\r\0NK/z}1{ӳ_#tj=s_OK?uY%iMݜ̌_ }㩯ӦBqҫZ$[@#>{_OF<Vi\0]5)U)ɫ;?>~7d^]Y<=ǰ*?λ첼u#KY_e7A-jUZQWzs>z{r;׼Ol`n3GqmpFCc28},I1;.4		!LøһՏ$/BmO֭mc?\'WLqXm~<1C(Ύ\ZimV/-KlF(i#W$u\0jUn@޼o:,Ԁ;u/=f\">Y/2ß9V];:~cWO<#Mgf2zWʕ}CЧE(Գ;&__ɪ9WeKy\nF\0yh\'9<22\\]jj1S	#g\"\0#?!ӓӝpC4=BI&ԓ4Ҳa7FW֬o0\nXCO@]5/x^-6IF\0CfcH|RčĜ+5<hvڦ+mE۫HsӎG\0bs.+_mϚg9`gVT\0ߏut|Oۇy\\g5S];N.O,fϡ.}yX}ȧoWKqV}?(ER_9.KJ\rZrBp،hPXկI	yjbۀ9I^=lYjh~~*xH_8i|s_/\\5[-B(cXE\n¨`@&Um(ХF*1]HEiw\n&߭IE\05qE\0&()J3uƘ5u;P|;Pi{\nZ\0@)3N=(`#~(*JJw\0iii)\0\0bҖ?','2016-05-15 07:26:02','2016-05-17 03:34:58'),(19,19,NULL,NULL,NULL,NULL,NULL,NULL,NULL,NULL,NULL,NULL,NULL,'2016-05-17 01:54:39','2016-05-17 01:54:39'),(20,20,NULL,NULL,NULL,NULL,NULL,NULL,NULL,NULL,NULL,NULL,NULL,'2016-05-17 19:14:52','2016-05-17 19:14:52'),(21,21,NULL,NULL,NULL,NULL,NULL,NULL,NULL,NULL,NULL,NULL,NULL,'2016-05-17 19:15:55','2016-05-17 19:15:55'),(22,22,NULL,NULL,NULL,NULL,NULL,NULL,NULL,NULL,NULL,NULL,NULL,'2016-05-17 19:16:07','2016-05-17 19:16:07'),(23,23,NULL,NULL,NULL,NULL,NULL,NULL,NULL,NULL,NULL,NULL,NULL,'2016-05-17 19:16:22','2016-05-17 19:16:22'),(24,24,NULL,NULL,NULL,NULL,NULL,NULL,NULL,NULL,NULL,NULL,NULL,'2016-05-17 19:16:33','2016-05-17 19:16:33'),(25,25,NULL,NULL,NULL,NULL,NULL,NULL,NULL,NULL,NULL,NULL,NULL,'2016-05-17 19:16:44','2016-05-17 19:16:44'),(26,26,NULL,NULL,NULL,NULL,NULL,NULL,NULL,NULL,NULL,NULL,NULL,'2016-05-17 19:16:51','2016-05-17 19:16:51'),(27,27,NULL,NULL,NULL,NULL,NULL,NULL,NULL,NULL,NULL,NULL,NULL,'2016-05-17 19:17:01','2016-05-17 19:17:01'),(28,28,NULL,NULL,NULL,NULL,NULL,NULL,NULL,NULL,NULL,NULL,NULL,'2016-05-17 19:17:09','2016-05-17 19:17:09'),(29,29,NULL,NULL,NULL,NULL,NULL,NULL,NULL,NULL,NULL,NULL,NULL,'2016-05-17 19:17:20','2016-05-17 19:17:20'),(30,30,NULL,NULL,NULL,NULL,NULL,NULL,NULL,NULL,NULL,NULL,NULL,'2016-05-17 19:17:35','2016-05-17 19:17:35'),(31,31,NULL,NULL,NULL,NULL,NULL,NULL,NULL,NULL,NULL,NULL,NULL,'2016-05-17 19:17:43','2016-05-17 19:17:43'),(32,32,NULL,NULL,NULL,NULL,NULL,NULL,NULL,NULL,NULL,NULL,NULL,'2016-05-17 19:17:57','2016-05-17 19:17:57');
/*!40000 ALTER TABLE `user_profile` ENABLE KEYS */;
UNLOCK TABLES;

--
-- Table structure for table `users`
--

DROP TABLE IF EXISTS `users`;
/*!40101 SET @saved_cs_client     = @@character_set_client */;
/*!40101 SET character_set_client = utf8 */;
CREATE TABLE `users` (
  `id` int(10) unsigned NOT NULL AUTO_INCREMENT,
  `email` varchar(255) COLLATE utf8_unicode_ci NOT NULL,
  `password` varchar(255) COLLATE utf8_unicode_ci NOT NULL,
  `permissions` text COLLATE utf8_unicode_ci,
  `activated` tinyint(1) NOT NULL DEFAULT '0',
  `banned` tinyint(1) NOT NULL DEFAULT '0',
  `activation_code` varchar(255) COLLATE utf8_unicode_ci DEFAULT NULL,
  `activated_at` timestamp NULL DEFAULT NULL,
  `last_login` timestamp NULL DEFAULT NULL,
  `persist_code` varchar(255) COLLATE utf8_unicode_ci DEFAULT NULL,
  `reset_password_code` varchar(255) COLLATE utf8_unicode_ci DEFAULT NULL,
  `protected` tinyint(1) NOT NULL DEFAULT '0',
  `created_at` timestamp NULL DEFAULT NULL,
  `updated_at` timestamp NULL DEFAULT NULL,
  PRIMARY KEY (`id`),
  UNIQUE KEY `users_email_unique` (`email`),
  KEY `users_activation_code_index` (`activation_code`),
  KEY `users_reset_password_code_index` (`reset_password_code`)
) ENGINE=InnoDB AUTO_INCREMENT=33 DEFAULT CHARSET=utf8 COLLATE=utf8_unicode_ci;
/*!40101 SET character_set_client = @saved_cs_client */;

--
-- Dumping data for table `users`
--

LOCK TABLES `users` WRITE;
/*!40000 ALTER TABLE `users` DISABLE KEYS */;
INSERT INTO `users` VALUES (1,'admin@admin.com','$2y$10$zJDYlN6wk7k4S4K4XfNFteYL7fBTo/yaoTB4M7U2Nb5WVvWJzC9Om',NULL,1,0,NULL,NULL,'2016-05-19 06:22:13','$2y$10$m0tgYPl.rlS8DTakbzg20O6ulYdSooHyWy7uKvqWAfRN3CdDARlEC',NULL,0,'2016-05-15 04:20:11','2016-05-19 06:22:13'),(2,'hvct@gmail.com','$2y$10$gUERn43C4o/nUw/WIC2vLOZsmQsHuUPeO98GANG5Kohh63fTxl69W','',1,0,NULL,NULL,'2016-05-18 08:35:04','$2y$10$17WOTCYI2lchEIkYwqtcwuMb6QiMjxpf7Rl.IUBMA6VfVJNWUxt52',NULL,0,'2016-05-15 07:26:02','2016-05-18 08:35:04'),(19,'cb@gmail.com','$2y$10$dDJ3Q91wESU84xLpBgri3ubaFHniErh1Vg8S2EupgVzkCdBWfQj/m',NULL,1,0,NULL,NULL,'2016-05-17 01:58:33','$2y$10$bIvBUA0TgWGxNDCHQe3leuBv76EIfA7QJ8KSSP2lDqANncfbyTRCq',NULL,0,'2016-05-17 01:54:39','2016-05-17 01:58:33'),(20,'aaaa@gmail.com','$2y$10$./EECkEKE003ODfqQMgWoOqDSk22LXYZlqadp3IpequL7oU/2Fm5C',NULL,0,0,NULL,NULL,NULL,NULL,NULL,0,'2016-05-17 19:14:52','2016-05-17 19:14:52'),(21,'3afasdf@gmail.com','$2y$10$IrwluJL0lNlUf0E3OihXSe8EV8b774D.UD52FFKKiECoMQA1.MmT.',NULL,0,0,NULL,NULL,NULL,NULL,NULL,0,'2016-05-17 19:15:55','2016-05-17 19:15:55'),(22,'adfasd@gmail.com','$2y$10$WZ4XXlYn2FOw2f.lkPfAi.UVs01b3n.PxolUBIQEEsy1W3IrS9ZdK',NULL,0,0,NULL,NULL,NULL,NULL,NULL,0,'2016-05-17 19:16:07','2016-05-17 19:16:07'),(23,'asdfadf@gmail.com','$2y$10$DGz3TgT9daY0GLxRbHQ44ufdLse146zTSHCcv/bfSbQcdr.WLVQNi',NULL,0,0,NULL,NULL,NULL,NULL,NULL,0,'2016-05-17 19:16:22','2016-05-17 19:16:22'),(24,'asdfadf@gmail.comasdf','$2y$10$2P5BMeZrx7qRH5aPxcEG0.oW7lyumgVK7jzShTypycjM7SV/VHQJm',NULL,0,0,NULL,NULL,NULL,NULL,NULL,0,'2016-05-17 19:16:33','2016-05-17 19:16:33'),(25,'asdfadf@gmail.comasdfasdf','$2y$10$QPI4dX.8DLw0d47jpLAUc.DK0dHQxkRLGByVYbeL7aUfPq75k1da6',NULL,0,0,NULL,NULL,NULL,NULL,NULL,0,'2016-05-17 19:16:44','2016-05-17 19:16:44'),(26,'asdfadf@gmail.comasdfasdfasdf','$2y$10$Utz2kmwQr1Wux/vIdTjopOcUfXaEckM7PN4uqgYVLMU65/AyZOaj2',NULL,0,0,NULL,NULL,NULL,NULL,NULL,0,'2016-05-17 19:16:51','2016-05-17 19:16:51'),(27,'asdfasd@gadsf.com','$2y$10$KmslzjIqy4TYCW022EZfAuOypd13cIeNmCudOTAcZzXnhr1A5C84.',NULL,0,0,NULL,NULL,NULL,NULL,NULL,0,'2016-05-17 19:17:01','2016-05-17 19:17:01'),(28,'asdfasd@gadsf.comsdf','$2y$10$SsqoLkld/qQF9wHfyoEG3.dyPFuTVp2IPgogIrMFJtwrnbUkbsYl2',NULL,0,0,NULL,NULL,NULL,NULL,NULL,0,'2016-05-17 19:17:09','2016-05-17 19:17:09'),(29,'asdfasd@gadsf.comasdfasdf','$2y$10$rqrqVr9AIS7jNtyFLSP5uuVI75vNUVomm16qETF.pnOUQjCujggmK',NULL,0,0,NULL,NULL,NULL,NULL,NULL,0,'2016-05-17 19:17:20','2016-05-17 19:17:20'),(30,'asdfasd@gadsf.comsdfadsf','$2y$10$EVUpVgJdfhkXcx/hcM2JK.ZNPx0dDSZclCQ6nnqZWEBInUaHDKKvS',NULL,0,0,NULL,NULL,NULL,NULL,NULL,0,'2016-05-17 19:17:35','2016-05-17 19:17:35'),(31,'asdfasd@gadsf.comsdfadsfasdf','$2y$10$MWJIKstohOaq8cS92UB/2OAuDpuWULHhNanrvoVz06Qy6uSxFBOiS',NULL,0,0,NULL,NULL,NULL,NULL,NULL,0,'2016-05-17 19:17:43','2016-05-17 19:17:43'),(32,'asdfasdfa@gad.com','$2y$10$n8y3x.tCW4TK6sasdFyQq.rIZlrjVrmOtNafDyyliCxdU75efQsji',NULL,0,0,NULL,NULL,NULL,NULL,NULL,0,'2016-05-17 19:17:57','2016-05-17 19:17:57');
/*!40000 ALTER TABLE `users` ENABLE KEYS */;
UNLOCK TABLES;

--
-- Table structure for table `users_groups`
--

DROP TABLE IF EXISTS `users_groups`;
/*!40101 SET @saved_cs_client     = @@character_set_client */;
/*!40101 SET character_set_client = utf8 */;
CREATE TABLE `users_groups` (
  `user_id` int(10) unsigned NOT NULL,
  `group_id` int(10) unsigned NOT NULL,
  PRIMARY KEY (`user_id`,`group_id`)
) ENGINE=InnoDB DEFAULT CHARSET=utf8 COLLATE=utf8_unicode_ci;
/*!40101 SET character_set_client = @saved_cs_client */;

--
-- Dumping data for table `users_groups`
--

LOCK TABLES `users_groups` WRITE;
/*!40000 ALTER TABLE `users_groups` DISABLE KEYS */;
INSERT INTO `users_groups` VALUES (1,1),(2,6),(19,7);
/*!40000 ALTER TABLE `users_groups` ENABLE KEYS */;
UNLOCK TABLES;
/*!40103 SET TIME_ZONE=@OLD_TIME_ZONE */;

/*!40101 SET SQL_MODE=@OLD_SQL_MODE */;
/*!40014 SET FOREIGN_KEY_CHECKS=@OLD_FOREIGN_KEY_CHECKS */;
/*!40014 SET UNIQUE_CHECKS=@OLD_UNIQUE_CHECKS */;
/*!40101 SET CHARACTER_SET_CLIENT=@OLD_CHARACTER_SET_CLIENT */;
/*!40101 SET CHARACTER_SET_RESULTS=@OLD_CHARACTER_SET_RESULTS */;
/*!40101 SET COLLATION_CONNECTION=@OLD_COLLATION_CONNECTION */;
/*!40111 SET SQL_NOTES=@OLD_SQL_NOTES */;

-- Dump completed on 2016-05-19 21:24:18
